{"data/016.jpg": 0.8625352395023965, "data/002.jpg": 0.8114588594721992, "data/003.jpg": 0.708624532261902, "data/017.jpg": 0.6488214860608424, "data/001.jpg": 0.7798471658164043, "data/015.jpg": 0.5777127369591836, "data/014.jpg": 0.7109784394047941, "data/000.jpg": 0.8180068272507203, "data/004.jpg": 0.831813945204746, "data/010.jpg": 0.7360139997552557, "data/011.jpg": 0.6305109038027689, "data/005.jpg": 0.6047907840808795, "data/013.jpg": 0.8259923982730636, "data/007.jpg": 0.6685878664876953, "data/006.jpg": 0.6887976544155485, "data/012.jpg": 0.740662614463716, "data/023.jpg": 0.6737596973824759, "data/022.jpg": 0.6024162258791282, "data/008.jpg": 0.761794327810856, "data/020.jpg": 0.6217754870418668, "data/021.jpg": 0.8044826355556377, "data/009.jpg": 0.7931586199642635, "data/019.jpg": 0.613806215671245, "data/018.jpg": 0.6017102756316653, "data/024.jpg": 0.6556850507171267, "data/026.jpg": 0.6934447648483871, "data/027.jpg": 0.6357732690297825}