{"data/016.jpg": 0.8625352395023965, "data/002.jpg": 0.6136722643643884, "data/003.jpg": 0.7836489181389821, "data/017.jpg": 0.6522285712906248, "data/001.jpg": 0.7798471658164043, "data/015.jpg": 0.6541107016644693, "data/014.jpg": 0.7894492156142636, "data/000.jpg": 0.7821062927271557, "data/004.jpg": 0.831813945204746, "data/010.jpg": 0.7332931742920916, "data/011.jpg": 0.6305069698962137, "data/005.jpg": 0.6047907840808795, "data/013.jpg": 0.7949458107099706, "data/007.jpg": 0.7808094397329602, "data/006.jpg": 0.7280000700469983, "data/012.jpg": 0.7167632547662088, "data/023.jpg": 0.6737596973824759, "data/022.jpg": 0.6270295436503698, "data/008.jpg": 0.761794327810856, "data/020.jpg": 0.8079011712226051, "data/021.jpg": 0.610122573495685, "data/009.jpg": 0.7931586199642635, "data/019.jpg": 0.6127696922039975, "data/018.jpg": 0.6017102756316653, "data/024.jpg": 0.6173933144271498, "data/026.jpg": 0.6019687312248416, "data/027.jpg": 0.6357732690297825}