{
    "data/016.jpg": 0.8385676395974464, 
    "data/002.jpg": 0.7591056824387911, 
    "data/003.jpg": 0.6866487579731446, 
    "data/017.jpg": 0.5554036181145838, 
    "data/001.jpg": 0.7703721658985884, 
    "data/015.jpg": 0.6912313777707499, 
    "data/014.jpg": 0.8070276614609981, 
    "data/000.jpg": 0.7900282897612683, 
    "data/004.jpg": 0.6676589333332029, 
    "data/010.jpg": 0.7350854802773815, 
    "data/011.jpg": 0.65910125088938, 
    "data/005.jpg": 0.8249275421690533, 
    "data/013.jpg": 0.8021430209709163, 
    "data/007.jpg": 0.7747131382976772, 
    "data/006.jpg": 0.7327205676559999, 
    "data/012.jpg": 0.7482327972231112, 
    "data/023.jpg": 0.6959657532131075, 
    "data/022.jpg": 0.5908769700710718, 
    "data/008.jpg": 0.7574145747668775, 
    "data/020.jpg": 0.6040383219751522, 
    "data/021.jpg": 0.6760219865266532, 
    "data/009.jpg": 0.6260003656138727, 
    "data/019.jpg": 0.6236164207532853, 
    "data/018.jpg": 0.6427757700150316, 
    "data/024.jpg": 0.6437595398349308, 
    "data/026.jpg": 0.5890927066136696, 
    "data/027.jpg": 0.6552970796532517
}