{
    "data/000.jpg": 0.8062138774791588,
    "data/001.jpg": 0.5544524457114286,
    "data/002.jpg": 0.8204774813696786,
    "data/003.jpg": 0.7607162419741714,
    "data/004.jpg": 0.5977450440766111,
    "data/005.jpg": 0.8349511357670164,
    "data/006.jpg": 0.708559862358254,
    "data/007.jpg": 0.7728375988995003,
    "data/008.jpg": 0.7630839946105765,
    "data/009.jpg": 0.760680555289437,
    "data/010.jpg": 0.7359287914527184,
    "data/011.jpg": 0.6686058701014637,
    "data/012.jpg": 0.7541140775184587,
    "data/013.jpg": 0.7965679130765958,
    "data/014.jpg": 0.5804811615929002,
    "data/015.jpg": 0.564668651965802,
    "data/016.jpg": 0.8378218657690875,
    "data/017.jpg": 0.6676699569670651,
    "data/018.jpg": 0.6975662024113802,
    "data/019.jpg": 0.7238256945283781,
    "data/020.jpg": 0.7154369013829452,
    "data/021.jpg": 0.7395293943681777,
    "data/022.jpg": 0.5990923906978655,
    "data/023.jpg": 0.6358132985985081,
    "data/024.jpg": 0.6144215890029607,
    "data/026.jpg": 0.6022856440453098,
    "data/027.jpg": 0.6820314713096515
}