{
    "data/001.jpg": 0.7709302147841156,
    "data/003.jpg": 0.6727738949917189,
    "data/004.jpg": 0.7101073467940147,
    "data/005.jpg": 0.8449153948123526,
    "data/006.jpg": 0.8023302801691141,
    "data/007.jpg": 0.8468234126477028,
    "data/008.jpg": 0.7116141100545313,
    "data/009.jpg": 0.7956789998038304,
    "data/010.jpg": 0.8307211616431335,
    "data/011.jpg": 0.6675059513460901,
    "data/013.jpg": 0.8286318501788553,
    "data/014.jpg": 0.8705086904560494,
    "data/015.jpg": 0.6805824703132343,
    "data/016.jpg": 0.6045935728781834,
    "data/017.jpg": 0.7196684775989666,
    "data/018.jpg": 0.8204049822639621,
    "data/022.jpg": 0.6848197312752816,
    "data/023.jpg": 0.7234560313601817,
    "data/024.jpg": 0.6942074701424422,
    "data/025.jpg": 0.8205326835908561,
    "data/026.jpg": 0.7791573907852619,
    "data/027.jpg": 0.6879042471447501,
    "data/028.jpg": 0.8068235285175908,
    "data/029.jpg": 0.6367628608415656,
    "data/030.jpg": 0.7619872408757947,
    "data/031.jpg": 0.8339816527939949,
    "data/032.jpg": 0.7147136177746454,
    "data/033.jpg": 0.7613608126762257,
    "data/034.jpg": 0.8318074715261146,
    "data/035.jpg": 0.6957208096882086,
    "data/036.jpg": 0.6602263618387557,
    "data/037.jpg": 0.7408412569817168,
    "data/039.jpg": 0.8612361027039261,
    "data/040.jpg": 0.7264206607911832,
    "data/041.jpg": 0.7587382740028276,
    "data/042.jpg": 0.7305779558725357,
    "data/043.jpg": 0.742333456513875,
    "data/046.jpg": 0.8365727805764714,
    "data/047.jpg": 0.6805077889697432,
    "data/048.jpg": 0.828405646758692
}