{
    "data/016.jpg": 0.857950052678186, 
    "data/002.jpg": 0.755416572491764, 
    "data/003.jpg": 0.6282422655176397, 
    "data/017.jpg": 0.6385210529354474, 
    "data/001.jpg": 0.7862906710917569, 
    "data/015.jpg": 0.6912678955497823, 
    "data/014.jpg": 0.8214149029383311, 
    "data/000.jpg": 0.7900282897612683, 
    "data/004.jpg": 0.8245772942807266, 
    "data/010.jpg": 0.7350854802773815, 
    "data/011.jpg": 0.6565512606958915, 
    "data/005.jpg": 0.8461102524374019, 
    "data/013.jpg": 0.808609533246223, 
    "data/007.jpg": 0.6315601228471408, 
    "data/006.jpg": 0.7327205676559999, 
    "data/012.jpg": 0.7184264842820358, 
    "data/023.jpg": 0.5592256665262004, 
    "data/022.jpg": 0.6469830529494652, 
    "data/008.jpg": 0.7590155288889973, 
    "data/020.jpg": 0.659340769065769, 
    "data/021.jpg": 0.7911604649341174, 
    "data/009.jpg": 0.6260003656138727, 
    "data/019.jpg": 0.6730744452823694, 
    "data/018.jpg": 0.6588685770695513, 
    "data/024.jpg": 0.6235532594447256, 
    "data/026.jpg": 0.696704320814761, 
    "data/027.jpg": 0.669648294850791
}